[
 {
  "username":"s.x.kota",
  "password":"SXK0ta1234",
  "invalidtrip": "UTx",
  "invalidtrip1":"ERTTT",
  "validtrip":"EUT",
  "typecustomermarket1":"Asia",
  "typecustomermarket2":"Can",
  "typecustomermarket3":"New",
  "typecustomermarket4":"U",
  "selectcustomermarket1":"Asia",
  "selectcustomermarket2":"Japan",
  "selectcustomermarket3":"Europe",
  "selectcustomermarket4":"UK",
  "travelernegetivevalue":"-5",
  "roomnegetivevalue":"-5",
  "searchtripwithname":"euro",
  "searchtripwithdestaination":"Europe",
  "essentialdetailtitle":"Mr",
  "essentialdetailfirstname":"sh",
  "essentialdetailslastname":"ku",
  "essentialinvaliddob":"21/22/1990",
  "essentialvaliddob":"21/04/1990",
  "additionalinvalidvalue1":"ss",
  "additionalinvalidvalue2":".com@",
  "additionalvalidemail":"shantkumar.laxmanrao@aptouring.com.au"

 }


















]